Indicator,Release_Date
CPI,2024-03-01
PCE,2024-03-01
PPI,2024-04-01
PCE,2024-04-01
NFP,2024-04-01
CPI,2024-04-01
CPI,2024-05-01
PPI,2024-05-01
NFP,2024-05-01
PCE,2024-05-01
CPI,2024-06-01
PPI,2024-06-01
NFP,2024-06-01
PCE,2024-06-01
PPI,2024-07-01
NFP,2024-07-01
CPI,2024-07-01
PCE,2024-07-01
PPI,2024-08-01
PCE,2024-08-01
CPI,2024-08-01
NFP,2024-08-01
PPI,2024-09-01
NFP,2024-09-01
CPI,2024-09-01
PCE,2024-09-01
PCE,2024-10-01
NFP,2024-10-01
CPI,2024-10-01
PPI,2024-10-01
PPI,2024-11-01
PCE,2024-11-01
CPI,2024-11-01
NFP,2024-11-01
PCE,2024-12-01
NFP,2024-12-01
CPI,2024-12-01
PPI,2024-12-01
PCE,2025-01-01
CPI,2025-01-01
NFP,2025-01-01
PPI,2025-01-01
CPI,2025-02-01
PPI,2025-02-01
NFP,2025-02-01
PCE,2025-02-01
CPI,2025-03-01
NFP,2025-03-01
PCE,2025-03-01
PPI,2025-03-01
CPI,2025-04-01
PCE,2025-04-01
PPI,2025-04-01
NFP,2025-04-01
PPI,2025-05-01
CPI,2025-05-01
NFP,2025-05-01
PCE,2025-05-01
NFP,2025-06-01
PPI,2025-06-01
CPI,2025-06-01
PCE,2025-06-01
PCE,2025-07-01
PPI,2025-07-01
CPI,2025-07-01
NFP,2025-07-01
NFP,2025-08-01
PCE,2025-08-01
CPI,2025-08-01
PPI,2025-08-01
PPI,2025-09-01
PCE,2025-09-01
NFP,2025-09-01
CPI,2025-09-01
PCE,2025-10-01
PPI,2025-10-01
NFP,2025-10-01
PCE,2025-11-01
NFP,2025-11-01
CPI,2025-11-01
PPI,2025-11-01
NFP,2025-12-01
PCE,2025-12-01
PPI,2025-12-01
CPI,2025-12-01
PCE,2026-01-01
PPI,2026-01-01
NFP,2026-01-01
CPI,2026-01-01
NFP,2026-02-01
CPI,2026-02-01
PCE,2026-02-01
PPI,2026-02-01
PPI,2026-03-01
CPI,2026-03-01
NFP,2026-03-01
